--------------------------------------------------------
-- Archivo creado  - sábado-febrero-08-2020   
--------------------------------------------------------
--------------------------------------------------------
--  DDL for Table SG_Actas
--------------------------------------------------------

  CREATE TABLE "SG_Actas" 
   (	"ID" NUMBER(10,0) GENERATED BY DEFAULT ON NULL AS IDENTITY MINVALUE 1 MAXVALUE 9999999999999999999999999999 INCREMENT BY 1 START WITH 1 CACHE 20 NOORDER  NOCYCLE  NOKEEP  NOSCALE , 
	"qn_tipoActa" NUMBER(10,0), 
	"txt_codigoActa" NVARCHAR2(2000), 
	"dt_fechaActa" TIMESTAMP (7), 
	"txt_archivoActa" NVARCHAR2(2000), 
	"dt_fechaUltimoCambio" TIMESTAMP (7), 
	"contratoID" NUMBER(10,0)
   ) ;
--------------------------------------------------------
--  DDL for Table SG_Contratos
--------------------------------------------------------

  CREATE TABLE "SG_Contratos" 
   (	"ID" NUMBER(10,0) GENERATED BY DEFAULT ON NULL AS IDENTITY MINVALUE 1 MAXVALUE 9999999999999999999999999999 INCREMENT BY 1 START WITH 1 CACHE 20 NOORDER  NOCYCLE  NOKEEP  NOSCALE , 
	"txt_codigoContrato" NVARCHAR2(2000), 
	"qn_tipoContrato" NUMBER(10,0), 
	"txt_numProceso" NVARCHAR2(2000), 
	"qn_tipoProceso" NUMBER(10,0), 
	"qn_vigenciaContrato" NUMBER(10,0), 
	"dt_fechaSuscripcion" TIMESTAMP (7), 
	"dt_fechaInicio" TIMESTAMP (7), 
	"dt_fechaFin" TIMESTAMP (7), 
	"vm_montoAdjudicado" BINARY_DOUBLE, 
	"bol_recurrencia" NUMBER(1,0), 
	"qn_proveedor" NUMBER(10,0), 
	"txt_objetoContratacion" NVARCHAR2(2000), 
	"qn_unidadConsolidadora" NUMBER(10,0), 
	"txt_nombreDelegado" NVARCHAR2(2000), 
	"txt_nombreAdministrador" NVARCHAR2(2000), 
	"txt_nombreTecnicoExterno" NVARCHAR2(2000), 
	"txt_detalleFormaPago" NVARCHAR2(2000), 
	"txt_detalleGarantias" NVARCHAR2(2000), 
	"txt_archivoContrato" NVARCHAR2(2000), 
	"qn_estadoContrato" NUMBER(10,0), 
	"dt_fechaUltimoCambio" TIMESTAMP (7), 
	"qn_estadoTransferencia" NUMBER(10,0), 
	"txt_codigoTransferencia" NVARCHAR2(2000)
   ) ;
--------------------------------------------------------
--  DDL for Table SG_Entregables
--------------------------------------------------------

  CREATE TABLE "SG_Entregables" 
   (	"ID" NUMBER(10,0) GENERATED BY DEFAULT ON NULL AS IDENTITY MINVALUE 1 MAXVALUE 9999999999999999999999999999 INCREMENT BY 1 START WITH 1 CACHE 20 NOORDER  NOCYCLE  NOKEEP  NOSCALE , 
	"qn_tipoEntregable" NUMBER(10,0), 
	"qn_cantidadEntregable" NUMBER(10,0), 
	"dt_fechaEntregable" TIMESTAMP (7), 
	"txt_archivoEntregable" NVARCHAR2(2000), 
	"txt_descripcionEntregable" NVARCHAR2(2000), 
	"dt_fechaUltimoCambio" TIMESTAMP (7), 
	"contratoID" NUMBER(10,0)
   ) ;
--------------------------------------------------------
--  DDL for Table SG_FechaModificado
--------------------------------------------------------

  CREATE TABLE "SG_FechaModificado" 
   (	"ID" NUMBER(10,0) GENERATED BY DEFAULT ON NULL AS IDENTITY MINVALUE 1 MAXVALUE 9999999999999999999999999999 INCREMENT BY 1 START WITH 1 CACHE 20 NOORDER  NOCYCLE  NOKEEP  NOSCALE , 
	"dt_fechaAnterior" TIMESTAMP (7), 
	"dt_fechaActual" TIMESTAMP (7), 
	"modificacionID" NUMBER(10,0)
   ) ;
--------------------------------------------------------
--  DDL for Table SG_FormaPago
--------------------------------------------------------

  CREATE TABLE "SG_FormaPago" 
   (	"ID" NUMBER(10,0) GENERATED BY DEFAULT ON NULL AS IDENTITY MINVALUE 1 MAXVALUE 9999999999999999999999999999 INCREMENT BY 1 START WITH 1 CACHE 20 NOORDER  NOCYCLE  NOKEEP  NOSCALE , 
	"qn_tipoPago" NUMBER(10,0), 
	"txt_archivoPago" NVARCHAR2(2000), 
	"dt_fechaUltimoCambio" TIMESTAMP (7), 
	"contratoID" NUMBER(10,0)
   ) ;
--------------------------------------------------------
--  DDL for Table SG_Garantias
--------------------------------------------------------

  CREATE TABLE "SG_Garantias" 
   (	"ID" NUMBER(10,0) GENERATED BY DEFAULT ON NULL AS IDENTITY MINVALUE 1 MAXVALUE 9999999999999999999999999999 INCREMENT BY 1 START WITH 1 CACHE 20 NOORDER  NOCYCLE  NOKEEP  NOSCALE , 
	"qn_tipoGarantia" NUMBER(10,0), 
	"vm_valorGarantia" BINARY_DOUBLE, 
	"txt_codigoGarantia" NVARCHAR2(2000), 
	"txt_proveedorGarantia" NVARCHAR2(2000), 
	"dt_inicioGarantia" TIMESTAMP (7), 
	"dt_finGarantia" TIMESTAMP (7), 
	"txt_archivoGarantia" NVARCHAR2(2000), 
	"dt_fechaUltimoCambio" TIMESTAMP (7), 
	"contratoID" NUMBER(10,0)
   ) ;
--------------------------------------------------------
--  DDL for Table SG_Historial
--------------------------------------------------------

  CREATE TABLE "SG_Historial" 
   (	"ID" NUMBER(10,0) GENERATED BY DEFAULT ON NULL AS IDENTITY MINVALUE 1 MAXVALUE 9999999999999999999999999999 INCREMENT BY 1 START WITH 1 CACHE 20 NOORDER  NOCYCLE  NOKEEP  NOSCALE , 
	"txt_seccionHistorial" NVARCHAR2(2000), 
	"txt_accionHistorial" NVARCHAR2(2000), 
	"dt_fechaUltimoCambio" TIMESTAMP (7), 
	"contratoID" NUMBER(10,0)
   ) ;
--------------------------------------------------------
--  DDL for Table SG_Informes
--------------------------------------------------------

  CREATE TABLE "SG_Informes" 
   (	"ID" NUMBER(10,0) GENERATED BY DEFAULT ON NULL AS IDENTITY MINVALUE 1 MAXVALUE 9999999999999999999999999999 INCREMENT BY 1 START WITH 1 CACHE 20 NOORDER  NOCYCLE  NOKEEP  NOSCALE , 
	"qn_tipoInforme" NUMBER(10,0), 
	"txt_codigoInforme" NVARCHAR2(2000), 
	"dt_fechaInforme" TIMESTAMP (7), 
	"txt_archivoInforme" NVARCHAR2(2000), 
	"dt_fechaUltimoCambio" TIMESTAMP (7), 
	"contratoID" NUMBER(10,0)
   ) ;
--------------------------------------------------------
--  DDL for Table SG_Modificaciones
--------------------------------------------------------

  CREATE TABLE "SG_Modificaciones" 
   (	"ID" NUMBER(10,0) GENERATED BY DEFAULT ON NULL AS IDENTITY MINVALUE 1 MAXVALUE 9999999999999999999999999999 INCREMENT BY 1 START WITH 1 CACHE 20 NOORDER  NOCYCLE  NOKEEP  NOSCALE , 
	"qn_tipoModificacion" NUMBER(10,0), 
	"txt_motivoModificacion" NVARCHAR2(2000), 
	"dt_fechaUltimoCambio" TIMESTAMP (7), 
	"contratoID" NUMBER(10,0)
   ) ;
--------------------------------------------------------
--  DDL for Table SG_Multas
--------------------------------------------------------

  CREATE TABLE "SG_Multas" 
   (	"ID" NUMBER(10,0) GENERATED BY DEFAULT ON NULL AS IDENTITY MINVALUE 1 MAXVALUE 9999999999999999999999999999 INCREMENT BY 1 START WITH 1 CACHE 20 NOORDER  NOCYCLE  NOKEEP  NOSCALE , 
	"qn_tipoMulta" NUMBER(10,0), 
	"vm_montoMulta" BINARY_DOUBLE, 
	"txt_motivoMulta" NVARCHAR2(2000), 
	"dt_fechaMulta" TIMESTAMP (7), 
	"dt_fechaUltimoCambio" TIMESTAMP (7), 
	"txt_codigoInforme" NVARCHAR2(2000), 
	"contratoID" NUMBER(10,0)
   ) ;
--------------------------------------------------------
--  DDL for Table SG_Pagos
--------------------------------------------------------

  CREATE TABLE "SG_Pagos" 
   (	"ID" NUMBER(10,0) GENERATED BY DEFAULT ON NULL AS IDENTITY MINVALUE 1 MAXVALUE 9999999999999999999999999999 INCREMENT BY 1 START WITH 1 CACHE 20 NOORDER  NOCYCLE  NOKEEP  NOSCALE , 
	"qn_porcentajePago" BINARY_FLOAT, 
	"bol_esAnticipo" NUMBER(1,0), 
	"vm_montoPago" BINARY_DOUBLE, 
	"dt_tentativaPago" TIMESTAMP (7), 
	"dt_realPago" TIMESTAMP (7), 
	"txt_comprobantePago" NVARCHAR2(2000), 
	"dt_fechaUltimoCambio" TIMESTAMP (7), 
	"formaPagoID" NUMBER(10,0)
   ) ;
--------------------------------------------------------
--  DDL for Table SG_Rols
--------------------------------------------------------

  CREATE TABLE "SG_Rols" 
   (	"ID" NUMBER(10,0) GENERATED BY DEFAULT ON NULL AS IDENTITY MINVALUE 1 MAXVALUE 9999999999999999999999999999 INCREMENT BY 1 START WITH 1 CACHE 20 NOORDER  NOCYCLE  NOKEEP  NOSCALE , 
	"txt_rolName" NVARCHAR2(2000), 
	"txt_rolDetaile" NVARCHAR2(2000)
   ) ;
--------------------------------------------------------
--  DDL for Table SG_Secciones
--------------------------------------------------------

  CREATE TABLE "SG_Secciones" 
   (	"seccionID" NUMBER(10,0) GENERATED BY DEFAULT ON NULL AS IDENTITY MINVALUE 1 MAXVALUE 9999999999999999999999999999 INCREMENT BY 1 START WITH 1 CACHE 20 NOORDER  NOCYCLE  NOKEEP  NOSCALE , 
	"txt_nombreSeccion" NVARCHAR2(2000), 
	"txt_detalleSeccion" NVARCHAR2(2000), 
	"bol_estadoSeccion" NUMBER(1,0) DEFAULT 0
   ) ;
--------------------------------------------------------
--  DDL for Table SG_Solicitudes
--------------------------------------------------------

  CREATE TABLE "SG_Solicitudes" 
   (	"ID" NUMBER(10,0) GENERATED BY DEFAULT ON NULL AS IDENTITY MINVALUE 1 MAXVALUE 9999999999999999999999999999 INCREMENT BY 1 START WITH 1 CACHE 20 NOORDER  NOCYCLE  NOKEEP  NOSCALE , 
	"qn_cantContratos" NUMBER(10,0), 
	"txt_motivoSolicitud" NVARCHAR2(2000), 
	"qn_estadoSolicitud" NUMBER(10,0), 
	"dt_fechaUltimoCambio" TIMESTAMP (7), 
	"txt_codigoSolicitud" NVARCHAR2(2000), 
	"txt_admRecomendado" NVARCHAR2(2000)
   ) ;
--------------------------------------------------------
--  DDL for Table SG_Tipos
--------------------------------------------------------

  CREATE TABLE "SG_Tipos" 
   (	"tipoID" NUMBER(10,0) GENERATED BY DEFAULT ON NULL AS IDENTITY MINVALUE 1 MAXVALUE 9999999999999999999999999999 INCREMENT BY 1 START WITH 1 CACHE 20 NOORDER  NOCYCLE  NOKEEP  NOSCALE , 
	"txt_nombreTipo" NVARCHAR2(2000), 
	"txt_detalleTipo" NVARCHAR2(2000), 
	"seccionID" NUMBER(10,0)
   ) ;
--------------------------------------------------------
--  DDL for Table SG_UserRol
--------------------------------------------------------

  CREATE TABLE "SG_UserRol" 
   (	"userID" NUMBER(10,0), 
	"rolID" NUMBER(10,0)
   ) ;
--------------------------------------------------------
--  DDL for Table SG_Users
--------------------------------------------------------

  CREATE TABLE "SG_Users" 
   (	"ID" NUMBER(10,0) GENERATED BY DEFAULT ON NULL AS IDENTITY MINVALUE 1 MAXVALUE 9999999999999999999999999999 INCREMENT BY 1 START WITH 1 CACHE 20 NOORDER  NOCYCLE  NOKEEP  NOSCALE , 
	"txt_username" NVARCHAR2(2000), 
	"txt_emailAlterno" NVARCHAR2(2000), 
	"txt_token" NVARCHAR2(2000)
   ) ;
--------------------------------------------------------
--  DDL for Table SG_ValorModificado
--------------------------------------------------------

  CREATE TABLE "SG_ValorModificado" 
   (	"ID" NUMBER(10,0) GENERATED BY DEFAULT ON NULL AS IDENTITY MINVALUE 1 MAXVALUE 9999999999999999999999999999 INCREMENT BY 1 START WITH 1 CACHE 20 NOORDER  NOCYCLE  NOKEEP  NOSCALE , 
	"vm_valorAnterior" BINARY_DOUBLE, 
	"vm_valorActual" BINARY_DOUBLE, 
	"modificacionID" NUMBER(10,0)
   ) ;
--------------------------------------------------------
--  DDL for Table SG_Vencimientos
--------------------------------------------------------

  CREATE TABLE "SG_Vencimientos" 
   (	"ID" NUMBER(10,0) GENERATED BY DEFAULT ON NULL AS IDENTITY MINVALUE 1 MAXVALUE 9999999999999999999999999999 INCREMENT BY 1 START WITH 1 CACHE 20 NOORDER  NOCYCLE  NOKEEP  NOSCALE , 
	"txt_nombreSeccion" NVARCHAR2(2000), 
	"txt_nombreTipo" NVARCHAR2(2000), 
	"dt_fechaVencimiento" TIMESTAMP (7), 
	"qn_diasAnticipacion" NUMBER(10,0), 
	"qn_frecuenciaAnticipacion" NUMBER(10,0), 
	"dt_fechaUltimoCambio" TIMESTAMP (7), 
	"contratoID" NUMBER(10,0)
   ) ;
REM INSERTING into "SG_Actas"
SET DEFINE OFF;
Insert into "SG_Actas" (ID,"qn_tipoActa","txt_codigoActa","dt_fechaActa","txt_archivoActa","dt_fechaUltimoCambio","contratoID") values ('1','46','ACTA2019',to_timestamp('14/02/20 00:00:00,000000000','DD/MM/RR HH24:MI:SSXFF'),'C:/fakepath/licencia.pdf',to_timestamp('04/02/20 00:00:00,000000000','DD/MM/RR HH24:MI:SSXFF'),'4');
Insert into "SG_Actas" (ID,"qn_tipoActa","txt_codigoActa","dt_fechaActa","txt_archivoActa","dt_fechaUltimoCambio","contratoID") values ('2','47','ACTA2020',to_timestamp('13/02/20 00:00:00,000000000','DD/MM/RR HH24:MI:SSXFF'),'C:/fakepath/PagoPapa 28-10-2017.pdf',to_timestamp('04/02/20 00:00:00,000000000','DD/MM/RR HH24:MI:SSXFF'),'4');
Insert into "SG_Actas" (ID,"qn_tipoActa","txt_codigoActa","dt_fechaActa","txt_archivoActa","dt_fechaUltimoCambio","contratoID") values ('11','46','TYT',to_timestamp('14/02/20 11:45:00,571000000','DD/MM/RR HH24:MI:SSXFF'),'C:/fakepath/PagoPapa 28-10-2017.pdf',to_timestamp('14/02/20 11:45:33,516000000','DD/MM/RR HH24:MI:SSXFF'),'4');
Insert into "SG_Actas" (ID,"qn_tipoActa","txt_codigoActa","dt_fechaActa","txt_archivoActa","dt_fechaUltimoCambio","contratoID") values ('14','46','ACTA2020',to_timestamp('21/02/20 11:46:36,685000000','DD/MM/RR HH24:MI:SSXFF'),'C:/fakepath/PagoPapa 28-10-2017.pdf',to_timestamp('04/02/20 11:46:52,281000000','DD/MM/RR HH24:MI:SSXFF'),'4');
Insert into "SG_Actas" (ID,"qn_tipoActa","txt_codigoActa","dt_fechaActa","txt_archivoActa","dt_fechaUltimoCambio","contratoID") values ('15','46','ACTA2019',to_timestamp('14/02/20 00:00:00,000000000','DD/MM/RR HH24:MI:SSXFF'),'C:/fakepath/licencia.pdf',to_timestamp('04/02/20 00:00:00,000000000','DD/MM/RR HH24:MI:SSXFF'),'4');
Insert into "SG_Actas" (ID,"qn_tipoActa","txt_codigoActa","dt_fechaActa","txt_archivoActa","dt_fechaUltimoCambio","contratoID") values ('22','46','fhfhg',to_timestamp('07/02/20 00:00:00,000000000','DD/MM/RR HH24:MI:SSXFF'),'C:/fakepath/PagoPapa 28-10-2017.pdf',to_timestamp('04/02/20 00:00:00,000000000','DD/MM/RR HH24:MI:SSXFF'),'21');
REM INSERTING into "SG_Contratos"
SET DEFINE OFF;
Insert into "SG_Contratos" (ID,"txt_codigoContrato","qn_tipoContrato","txt_numProceso","qn_tipoProceso","qn_vigenciaContrato","dt_fechaSuscripcion","dt_fechaInicio","dt_fechaFin","vm_montoAdjudicado","bol_recurrencia","qn_proveedor","txt_objetoContratacion","qn_unidadConsolidadora","txt_nombreDelegado","txt_nombreAdministrador","txt_nombreTecnicoExterno","txt_detalleFormaPago","txt_detalleGarantias","txt_archivoContrato","qn_estadoContrato","dt_fechaUltimoCambio","qn_estadoTransferencia","txt_codigoTransferencia") values ('4','026/2019','1','PRO2019','5','264',to_timestamp('10/12/19 02:26:50,531000000','DD/MM/RR HH24:MI:SSXFF'),to_timestamp('06/01/20 02:27:07,820000000','DD/MM/RR HH24:MI:SSXFF'),to_timestamp('19/02/21 02:27:22,233000000','DD/MM/RR HH24:MI:SSXFF'),'5875,0','0','1','Mantenimiento a los servidores de base de datos de Oracle','1','Ing. Juan Rios','Ing. Martin Corona','Ing. Dolores Cesna',null,null,'C:/escritorio/contrato026-2019','44',to_timestamp('03/02/20 02:30:33,429000000','DD/MM/RR HH24:MI:SSXFF'),'1',null);
Insert into "SG_Contratos" (ID,"txt_codigoContrato","qn_tipoContrato","txt_numProceso","qn_tipoProceso","qn_vigenciaContrato","dt_fechaSuscripcion","dt_fechaInicio","dt_fechaFin","vm_montoAdjudicado","bol_recurrencia","qn_proveedor","txt_objetoContratacion","qn_unidadConsolidadora","txt_nombreDelegado","txt_nombreAdministrador","txt_nombreTecnicoExterno","txt_detalleFormaPago","txt_detalleGarantias","txt_archivoContrato","qn_estadoContrato","dt_fechaUltimoCambio","qn_estadoTransferencia","txt_codigoTransferencia") values ('21','ytytyty','1','ttry545','4','545',to_timestamp('04/02/20 00:00:00,000000000','DD/MM/RR HH24:MI:SSXFF'),to_timestamp('06/02/20 00:00:00,000000000','DD/MM/RR HH24:MI:SSXFF'),to_timestamp('14/02/20 00:00:00,000000000','DD/MM/RR HH24:MI:SSXFF'),'76765765','1','1','ghjsdhkjhjkshjkhkjsasnbmnbxhjfgghjdfs','1','ghfhg','hjhjkh','yiuyiy',null,null,null,'61',to_timestamp('04/02/20 00:00:00,000000000','DD/MM/RR HH24:MI:SSXFF'),'0',null);
REM INSERTING into "SG_Entregables"
SET DEFINE OFF;
Insert into "SG_Entregables" (ID,"qn_tipoEntregable","qn_cantidadEntregable","dt_fechaEntregable","txt_archivoEntregable","txt_descripcionEntregable","dt_fechaUltimoCambio","contratoID") values ('1','48','67',to_timestamp('06/02/20 00:00:00,000000000','DD/MM/RR HH24:MI:SSXFF'),'C:/fakepath/PagoPapa 28-10-2017.pdf','fhfhgfhgfh',to_timestamp('04/02/20 00:00:00,000000000','DD/MM/RR HH24:MI:SSXFF'),'4');
Insert into "SG_Entregables" (ID,"qn_tipoEntregable","qn_cantidadEntregable","dt_fechaEntregable","txt_archivoEntregable","txt_descripcionEntregable","dt_fechaUltimoCambio","contratoID") values ('2','48','6576',to_timestamp('06/02/20 00:00:00,000000000','DD/MM/RR HH24:MI:SSXFF'),'C:/fakepath/PagoPapa 28-10-2017.pdf','hgjgh',to_timestamp('04/02/20 00:00:00,000000000','DD/MM/RR HH24:MI:SSXFF'),'21');
REM INSERTING into "SG_FechaModificado"
SET DEFINE OFF;
REM INSERTING into "SG_FormaPago"
SET DEFINE OFF;
Insert into "SG_FormaPago" (ID,"qn_tipoPago","txt_archivoPago","dt_fechaUltimoCambio","contratoID") values ('1','41','C:/fakepath/PagoPapa 28-10-2017.pdf',to_timestamp('04/02/20 00:00:00,000000000','DD/MM/RR HH24:MI:SSXFF'),'4');
REM INSERTING into "SG_Garantias"
SET DEFINE OFF;
Insert into "SG_Garantias" (ID,"qn_tipoGarantia","vm_valorGarantia","txt_codigoGarantia","txt_proveedorGarantia","dt_inicioGarantia","dt_finGarantia","txt_archivoGarantia","dt_fechaUltimoCambio","contratoID") values ('1','21','5000,0','GAR2019','MICROSOFT S.A.',to_timestamp('14/02/20 00:00:00,000000000','DD/MM/RR HH24:MI:SSXFF'),to_timestamp('29/02/20 00:00:00,000000000','DD/MM/RR HH24:MI:SSXFF'),'C:/fakepath/Saldo Octubre BPichincha.pdf',to_timestamp('04/02/20 00:00:00,000000000','DD/MM/RR HH24:MI:SSXFF'),'4');
Insert into "SG_Garantias" (ID,"qn_tipoGarantia","vm_valorGarantia","txt_codigoGarantia","txt_proveedorGarantia","dt_inicioGarantia","dt_finGarantia","txt_archivoGarantia","dt_fechaUltimoCambio","contratoID") values ('2','22','8769,0','GAR2020','kINSTONG TECNOLOGY',to_timestamp('06/02/20 00:00:00,000000000','DD/MM/RR HH24:MI:SSXFF'),to_timestamp('29/02/20 00:00:00,000000000','DD/MM/RR HH24:MI:SSXFF'),'C:/fakepath/Certificado_RUC.pdf',to_timestamp('04/02/20 00:00:00,000000000','DD/MM/RR HH24:MI:SSXFF'),'4');
Insert into "SG_Garantias" (ID,"qn_tipoGarantia","vm_valorGarantia","txt_codigoGarantia","txt_proveedorGarantia","dt_inicioGarantia","dt_finGarantia","txt_archivoGarantia","dt_fechaUltimoCambio","contratoID") values ('21','21','8989,0','76gghf','dfdgfdgf',to_timestamp('04/02/20 00:00:00,000000000','DD/MM/RR HH24:MI:SSXFF'),to_timestamp('21/02/20 00:00:00,000000000','DD/MM/RR HH24:MI:SSXFF'),'C:/fakepath/PagoPapa 28-10-2017.pdf',to_timestamp('04/02/20 00:00:00,000000000','DD/MM/RR HH24:MI:SSXFF'),'4');
Insert into "SG_Garantias" (ID,"qn_tipoGarantia","vm_valorGarantia","txt_codigoGarantia","txt_proveedorGarantia","dt_inicioGarantia","dt_finGarantia","txt_archivoGarantia","dt_fechaUltimoCambio","contratoID") values ('22','21','768768,0','54trtr','tfghfhgfh',to_timestamp('05/02/20 00:00:00,000000000','DD/MM/RR HH24:MI:SSXFF'),to_timestamp('08/02/20 00:00:00,000000000','DD/MM/RR HH24:MI:SSXFF'),'C:/fakepath/licencia.pdf',to_timestamp('04/02/20 00:00:00,000000000','DD/MM/RR HH24:MI:SSXFF'),'21');
Insert into "SG_Garantias" (ID,"qn_tipoGarantia","vm_valorGarantia","txt_codigoGarantia","txt_proveedorGarantia","dt_inicioGarantia","dt_finGarantia","txt_archivoGarantia","dt_fechaUltimoCambio","contratoID") values ('23','21','768768,0','54trtr','tfghfhgfh',to_timestamp('05/02/20 00:00:00,000000000','DD/MM/RR HH24:MI:SSXFF'),to_timestamp('08/02/20 00:00:00,000000000','DD/MM/RR HH24:MI:SSXFF'),'C:/fakepath/licencia.pdf',to_timestamp('04/02/20 00:00:00,000000000','DD/MM/RR HH24:MI:SSXFF'),'21');
REM INSERTING into "SG_Historial"
SET DEFINE OFF;
REM INSERTING into "SG_Informes"
SET DEFINE OFF;
Insert into "SG_Informes" (ID,"qn_tipoInforme","txt_codigoInforme","dt_fechaInforme","txt_archivoInforme","dt_fechaUltimoCambio","contratoID") values ('1','52','cod123',to_timestamp('04/02/20 00:00:00,000000000','DD/MM/RR HH24:MI:SSXFF'),'C:/fakepath/PagoPapa 28-10-2017.pdf',to_timestamp('04/02/20 00:00:00,000000000','DD/MM/RR HH24:MI:SSXFF'),'4');
Insert into "SG_Informes" (ID,"qn_tipoInforme","txt_codigoInforme","dt_fechaInforme","txt_archivoInforme","dt_fechaUltimoCambio","contratoID") values ('2','52','gjhgjh',to_timestamp('07/02/20 00:00:00,000000000','DD/MM/RR HH24:MI:SSXFF'),'C:/fakepath/Certificado_RUC.pdf',to_timestamp('04/02/20 00:00:00,000000000','DD/MM/RR HH24:MI:SSXFF'),'21');
REM INSERTING into "SG_Modificaciones"
SET DEFINE OFF;
REM INSERTING into "SG_Multas"
SET DEFINE OFF;
Insert into "SG_Multas" (ID,"qn_tipoMulta","vm_montoMulta","txt_motivoMulta","dt_fechaMulta","dt_fechaUltimoCambio","txt_codigoInforme","contratoID") values ('1','43','65765,0','hgjhgjhgj',to_timestamp('12/02/20 00:00:00,000000000','DD/MM/RR HH24:MI:SSXFF'),to_timestamp('04/02/20 00:00:00,000000000','DD/MM/RR HH24:MI:SSXFF'),'cod123','4');
Insert into "SG_Multas" (ID,"qn_tipoMulta","vm_montoMulta","txt_motivoMulta","dt_fechaMulta","dt_fechaUltimoCambio","txt_codigoInforme","contratoID") values ('2','43','6876,0','ytyutyu',to_timestamp('07/02/20 00:00:00,000000000','DD/MM/RR HH24:MI:SSXFF'),to_timestamp('04/02/20 00:00:00,000000000','DD/MM/RR HH24:MI:SSXFF'),'gjhgjh','21');
REM INSERTING into "SG_Pagos"
SET DEFINE OFF;
REM INSERTING into "SG_Rols"
SET DEFINE OFF;
Insert into "SG_Rols" (ID,"txt_rolName","txt_rolDetaile") values ('1','Administrador del Sistema','Podra configurar todo el sistema, crear, modificar, dar de baja a los usuarios, categorias, tipos de categoria');
Insert into "SG_Rols" (ID,"txt_rolName","txt_rolDetaile") values ('2','Administrador de Contrato','Puede hacer uso del sistema para llevar todo el proceso en la administración de los contratos');
Insert into "SG_Rols" (ID,"txt_rolName","txt_rolDetaile") values ('3','Usuario-UAS','Puede acceder al sistema para hacer consultas y resolver solicitudes de transferencias.');
Insert into "SG_Rols" (ID,"txt_rolName","txt_rolDetaile") values ('4','Usuario-Consultor','Puede acceder al sistema para hacer consultas genericas');
REM INSERTING into "SG_Secciones"
SET DEFINE OFF;
Insert into "SG_Secciones" ("seccionID","txt_nombreSeccion","txt_detalleSeccion","bol_estadoSeccion") values ('1','Contrato','Es un tipo de contrato en el que al menos una de las partes es una Administración pública cuando actúa como tal, y en el que está sometida a un régimen jurídico que coloca al contratante en una situación de subordinación jurídica frente a la administración','1');
Insert into "SG_Secciones" ("seccionID","txt_nombreSeccion","txt_detalleSeccion","bol_estadoSeccion") values ('2','Garantia','Es un contrato accesorio que se constituye mediante una variada gama de obligaciones y contratos: el seguro, la fianza, la prenda, los títulos de crédito, la hipoteca, el depósito, etc., cada uno de los cuales considerado independientemente de su accesorialidad, tiene una fisonomía propia, muy diferente de aquella','1');
Insert into "SG_Secciones" ("seccionID","txt_nombreSeccion","txt_detalleSeccion","bol_estadoSeccion") values ('3','Proceso Contratación','Proceso que sigue para firmar un contrato ','0');
Insert into "SG_Secciones" ("seccionID","txt_nombreSeccion","txt_detalleSeccion","bol_estadoSeccion") values ('21','FormaPago','Acuerdo entre las partes para los pagos del contrato.','1');
Insert into "SG_Secciones" ("seccionID","txt_nombreSeccion","txt_detalleSeccion","bol_estadoSeccion") values ('22','Multa','Penalizaciones por incumplimiento del contrato u otros motivos.','1');
Insert into "SG_Secciones" ("seccionID","txt_nombreSeccion","txt_detalleSeccion","bol_estadoSeccion") values ('23','Estado Contrato','Las distints facets de un contrato','0');
Insert into "SG_Secciones" ("seccionID","txt_nombreSeccion","txt_detalleSeccion","bol_estadoSeccion") values ('24','Acta','Actas de entrega recepcion','1');
Insert into "SG_Secciones" ("seccionID","txt_nombreSeccion","txt_detalleSeccion","bol_estadoSeccion") values ('25','Entregable','entregas del contrato','1');
Insert into "SG_Secciones" ("seccionID","txt_nombreSeccion","txt_detalleSeccion","bol_estadoSeccion") values ('26','Modificacion','aspectos que se pueden modificar de un contrato','1');
Insert into "SG_Secciones" ("seccionID","txt_nombreSeccion","txt_detalleSeccion","bol_estadoSeccion") values ('27','Informes','Informe detallado de todos los aspectos importantes durante la ejecucion del contrato','1');
Insert into "SG_Secciones" ("seccionID","txt_nombreSeccion","txt_detalleSeccion","bol_estadoSeccion") values ('41','DatosGenerales','Se mostrara el contrato a detalle','0');
REM INSERTING into "SG_Solicitudes"
SET DEFINE OFF;
Insert into "SG_Solicitudes" (ID,"qn_cantContratos","txt_motivoSolicitud","qn_estadoSolicitud","dt_fechaUltimoCambio","txt_codigoSolicitud","txt_admRecomendado") values ('1','1','Renuncia a la ESPOL','1',to_timestamp('03/02/20 02:25:35,267000000','DD/MM/RR HH24:MI:SSXFF'),null,null);
REM INSERTING into "SG_Tipos"
SET DEFINE OFF;
Insert into "SG_Tipos" ("tipoID","txt_nombreTipo","txt_detalleTipo","seccionID") values ('1','Bienes y Servicios Normalizados','Se denomina obra pública a todos los trabajos de construcción, ya sean infraestructuras o edificación, promovidos por una administración de gobierno teniendo como objetivo el beneficio de la comunidad','1');
Insert into "SG_Tipos" ("tipoID","txt_nombreTipo","txt_detalleTipo","seccionID") values ('2','Bienes y Servicios No Normalizados','ofertas a todos los proveedores inscritos en el Registro Unico de Proveedores."','1');
Insert into "SG_Tipos" ("tipoID","txt_nombreTipo","txt_detalleTipo","seccionID") values ('3','Obras','Se denomina obra pública a todos los trabajos de construcción, ya sean infraestructuras o edificación, promovidos por una administración de gobierno teniendo como objetivo el beneficio de la comunidad','1');
Insert into "SG_Tipos" ("tipoID","txt_nombreTipo","txt_detalleTipo","seccionID") values ('4','Catalogo electronico','Sin limite de monto','3');
Insert into "SG_Tipos" ("tipoID","txt_nombreTipo","txt_detalleTipo","seccionID") values ('5','Subasta inversa electronica','monto mayor a $ 7105,88','3');
Insert into "SG_Tipos" ("tipoID","txt_nombreTipo","txt_detalleTipo","seccionID") values ('6','Infima Cuantia','monto menor a $ 7105,88','3');
Insert into "SG_Tipos" ("tipoID","txt_nombreTipo","txt_detalleTipo","seccionID") values ('21','Fiel Cumplimiento','Es una herramienta jurídica de respaldo, orientado a proteger, resarcir o asegurar el cumplimiento de las obligaciones asumidas por el contratista como consecuencia de la suscripción del contrato con el Estado, en la etapa de la etapa de la ejecución contractual.','2');
Insert into "SG_Tipos" ("tipoID","txt_nombreTipo","txt_detalleTipo","seccionID") values ('22','Buen Uso de Anticipo','La Garantía de Buen Uso de Anticipo respalda que todos los recursos entregados como anticipo sean correctamente utilizados','2');
Insert into "SG_Tipos" ("tipoID","txt_nombreTipo","txt_detalleTipo","seccionID") values ('23','Garantia Tecnica','En los contratos de adquisición, provisión o instalación de equipos, maquinaria o vehículos, o de obras que contemplen aquella provisión o instalación, para asegurar la calidad y buen funcionamiento de los mismos, se exigirá, además, al momento de la suscripción del contrato y como parte integrante del mismo, una garantía del fabricante, representante, distribuidor o vendedor autorizado, la que se mantendrá vigente de acuerdo con las estipulaciones establecidas en el contrato.','2');
Insert into "SG_Tipos" ("tipoID","txt_nombreTipo","txt_detalleTipo","seccionID") values ('41','Parcial','Se hace en partes de acuerdo como se vaya avanzando en el cumplimiento del contrato.','21');
Insert into "SG_Tipos" ("tipoID","txt_nombreTipo","txt_detalleTipo","seccionID") values ('42','Contra Entrega','Se lo hace al finalizar contrato','21');
Insert into "SG_Tipos" ("tipoID","txt_nombreTipo","txt_detalleTipo","seccionID") values ('43','Por Incumplimiento','Cuando no se cumplen con los entregables establecidos','22');
Insert into "SG_Tipos" ("tipoID","txt_nombreTipo","txt_detalleTipo","seccionID") values ('44','Activo','Contrato en ejecucion','23');
Insert into "SG_Tipos" ("tipoID","txt_nombreTipo","txt_detalleTipo","seccionID") values ('45','Pendiente','Cuando aun no se ha dado de baja por parte del UAS','23');
Insert into "SG_Tipos" ("tipoID","txt_nombreTipo","txt_detalleTipo","seccionID") values ('46','Parcial','actas de entregas parciales','24');
Insert into "SG_Tipos" ("tipoID","txt_nombreTipo","txt_detalleTipo","seccionID") values ('47','Definitivo','Acta de la entrega definitiva del contrato','24');
Insert into "SG_Tipos" ("tipoID","txt_nombreTipo","txt_detalleTipo","seccionID") values ('48','Parcial','entrega parcial del contrato','25');
Insert into "SG_Tipos" ("tipoID","txt_nombreTipo","txt_detalleTipo","seccionID") values ('49','Final','entrega final','25');
Insert into "SG_Tipos" ("tipoID","txt_nombreTipo","txt_detalleTipo","seccionID") values ('50','Modificatorio','Modificar Clausulas','26');
Insert into "SG_Tipos" ("tipoID","txt_nombreTipo","txt_detalleTipo","seccionID") values ('51','Complementario','puede modificar monto o plazo','26');
Insert into "SG_Tipos" ("tipoID","txt_nombreTipo","txt_detalleTipo","seccionID") values ('52','Multa','informe sobre la aplicacion de multa','27');
Insert into "SG_Tipos" ("tipoID","txt_nombreTipo","txt_detalleTipo","seccionID") values ('61','Nuevo','ingresos recientes de contratos al sistema','23');
Insert into "SG_Tipos" ("tipoID","txt_nombreTipo","txt_detalleTipo","seccionID") values ('62','Finalizado','Contratos que ya han culminado y finalizado por UAS','23');
REM INSERTING into "SG_UserRol"
SET DEFINE OFF;
REM INSERTING into "SG_Users"
SET DEFINE OFF;
Insert into "SG_Users" (ID,"txt_username","txt_emailAlterno","txt_token") values ('1','fsayay','fsayay@espol.edu.ec','null');
REM INSERTING into "SG_ValorModificado"
SET DEFINE OFF;
REM INSERTING into "SG_Vencimientos"
SET DEFINE OFF;
